,,,,,,,,,MM/DD/YYYY,,,,,,,,,,,,,,,,,,
### Box 1 ###,StrainID,Location,Isolator or freezer,Media,Food,Notes,Revived Successfully,RNAseq,Freeze Date,,,,,,,,,,,,,,,,,,
unknown,RF1-16 SC,1:1-4,Schuler,wMY,Mg,"South Farm, Rumen Fluid Amoeba 1 (Gutt/Rosc)",yes,,1/7/2017,,,,,,,,,,,,,,,,,,
unknown,RF2-16 SC,1:5-8,Schuler,wMY,Mg,"South Farm, Rumen Fluid Amoeba 2 (Gutt/Rosc)",yes,,1/7/2017,,,,,,,,,,,,,,,,,,
unknown,RF4-16 SC,1:9-12,Schuler,wMY,Mg,"South Farm, Rumen Fluid Amoeba 4 (Gutt/Rosc)",yes,,1/7/2017,,,,,,,,,,,,,,,,,,
Rosculus,Sunfish 7 Creek,1:14-16,Schuler,wMY,Mg,"Woolsly wet prairie, Fayetteville. (same as in rack 2, box 2)",yes,,6/20/2017,,,,,,,,,,,,,,,,,,
Rosculus,Ts2,1:17-20,Patel,wMY,Mg,,yes,,6/21/2017,,,,,,,,,,,,,,,,,,
Rosculus,Turk2,1:21-24,Patel,wMY,Mg,,,,6/22/2017,,,,,,,,,,,,,,,,,,
Guttulinopsis,ATCC 50030,1:25-28,Patel,wMY,Mg,,yes,,6/23/2017,,,,,,,,,,,,,,,,,,
Vahlkampfia avara,CCAP 1588/1A,1:29-32,Patel,wMY,Mg,,,,7/12/2017,,,,,,,,,,,,,,,,,,
Tetramitus aberdonica,CCAP 1588/4,1:33-36,Patel,wMY,Mg,,,,7/12/2017,,,,,,,,,,,,,,,,,,
Yeti,n/a,1:37-40,Farmer,15ml PAS +200ul FW802,n/a,Inoculated with Mg (originally) Received from Alexey smirnov,,,8/24/2017,,,,,,,,,,,,,,,,,,
Helkesimastix marina,ATCC 50340,1:41-44,Schuler,SW H2O + Seeds,Mg,(Grown in SW802 at ATCC),yes,,11/19/2017,,,,,,,,,,,,,,,,,,
Sainouron acronematica,ATCC 50328,1:45-48,Schuler,Deer Water + Seeds,Mg,(Grown in FW802 at ATCC),yes,,11/29/2017,,,,,,,,,,,,,,,,,,
Rosc-like,CY17-1L-2,1:49-52,Schuler,wMY,Mg,,yes,,2/5/2018,,,,,,,,,,,,,,,,,,
Vermistella arctica,CCAP SV198,1:53-56,Kang,75% SW H2O + Seeds,,,,,2/9/2018,,,,,,,,,,,,,,,,,,
Mayorella kuwaitensis,CCAP1547/9,1:57-60,Kang,75% SW H2O + Seeds,,,,,2/9/2018,,,,,,,,,,,,,,,,,,
Sapocribrium,ATCC 50979,1:61-64,Schuler,Sw802,,,,,2/9/2018,,,,,,,,,,,,,,,,,,
Cholamonas cyrtodiopsidis,ATCC 50325,1:65-68,Schuler,FW802,DbYG,,,,2/21/2018,,,,,,,,,,,,,,,,,,
Cholamonas cyrtodiopsidis,ATCC 50326,1:69-72,Schuler,FW802,DbYG,,,,2/28/2018,,,,,,,,,,,,,,,,,,
Cholamonas cyrtodiopsidis,ATCC 50327,1:73-75,Schuler,FW802,DbYG,,yes,,3/28/2018,,,,,,,,,,,,,,,,,,
Acantholus ambiguis,ATCC 50888,1:76-78,Schuler,saltwater wMY or wMY (frozen on wMY),Mg,"originally deposited as ""Rosculus sp.""",yes,,5/18/2018,,,,,,,,,,,,,,,,,,
### Box 2 ###,,,,,,,,,,,,,,,,,,,,,,,,,,,
Guttulinopsis Bacterial Isolate,A1-RHS,2:1-2,Tristan/Lucia,Nutrient Agar + Dung powder,NA,Isolated from Guttulinopsis vulgaris RHS fruiting bodies,,,4/18/2024,,,,,,,,,,,,,,,,,,
Guttulinopsis Bacterial Isolate,A2-RHS,2:3-4,Tristan/Lucia,Nutrient Agar + Dung powder,NA,Isolated from Guttulinopsis vulgaris RHS fruiting bodies,,,4/18/2024,,,,,,,,,,,,,,,,,,
Guttulinopsis Bacterial Isolate,A3-RHS,2:6-7,Tristan/Lucia,Nutrient Agar + Dung powder,NA,Yellow. Isolated from Guttulinopsis vulgaris RHS fruiting bodies,,,4/18/2024,,,,,,,,,,,,,,,,,,
Copromyxa protea Bacterial Community,U-strain-1micron-1,"2:, 5",Tice/Lebeau,wMY,NA,wake up on steril cow dung,,,3/7/2018,,,,,,,,,,,,,,,,,,
Copromyxa protea Bacterial Community,U-strain-1micron-2,2:8-9,Tice/Lebeau,wMY,NA,wake up on steril cow dung,,,3/7/2018,,,,,,,,,,,,,,,,,,
Nuclearia thermophila,HH17-B1,2:12-15,Jones,wMY,Mg,,yes,,5/11/2018,,,,,,,,,,,,,,,,,,
Guttulinopsis erdosi,GS4C Green Sunfish 4 Creek,15-18,Schuler,wMY,Mg,,yes,,6/3/2018,,,,,,,,,,,,,,,,,,
Guttulinopsis rogosis,FoldedA,2:19-22,Schuler,wMY,Mg,,yes,,6/6/2018,,,,,,,,,,,,,,,,,,
Rosculus piscicus,GS5C Green Sunfish 5 Creek,2:23-26,Schuler,wMY,Mg,,yes,,6/6/2018,,,,,,,,,,,,,,,,,,
Arcella intermedia,isolate 6 - LEP,2:27-30,Porfirio-Sousa,FW802,,Brazilian isolate - same strain used to Kang et. al. ,No,,06/28/2018,,,,,,,,,,,,,,,,,,
Guttulinopsis Bacterial Isolate,C1-RHS,2:31-32,Tristan/Lucia,Nutrient Agar + Dung powder,NA,Isolated from Guttulinopsis vulgaris RHS fruiting bodies,,,4/18/2024,,,,,,,,,,,,,,,,,,
Cryptodifflugia operculata,isolate 2 - MSU,2:33-34,Porfirio-Sousa,FW802,,North Carolina Amoeba proteus culture isolation ,No,,06/28/2018,,,,,,,,,,,,,,,,,,
Copromyxa protea,SF15,2:35-37,Tice/Lebeau,wMY,Mg,Grown on wMY with MG. Non Fruiting tubes designated (NF),yes,,8/2/2018,,,,,,,,,,,,,,,,,,
Guttulinopsis Bacterial Isolate,B1-RHS,2:38-39,Tristan/Lucia,Nutrient Agar + Dung powder,NA,Isolated from Guttulinopsis vulgaris RHS fruiting bodies,,,4/18/2024,,,,,,,,,,,,,,,,,,
Copromyxa protea,SF15 _WP,2:39-41 - All gone,Lebeau,wMY - Cow Dung,Mg,wMY + Sterile Cow (wild type fruiting from original dung maintained culture),,,8/14/2018,,,,,,,,,,,,,,,,,,
HHMI-3,n/a,2:45-47 - ALL GONE,Jones,wMY,Mg,,yes,YES -Pool21,8/29/2018,Position 45 is actually C. operculata - moved to position 10,,,,,,,,,,,,,,,,,
HHMI-3,n/a,2:44-47,Fry,wMY,mg,,yes,YES -Pool21,5/15/2024,,,,,,,,,,,,,,,,,,
Soliformovum expulsum,YAP-P6-9,2:48-49,Jones,wMy,Mg,,yes,,2/10/2019,,,,,,,,,,,,,,,,,,
Guttulinopsis Bacterial Isolate,B2-RHS,2:50-51,Tristan/Lucia,Nutrient Agar + Dung powder,NA,Isolated from Guttulinopsis vulgaris RHS fruiting bodies,,,4/18/2024,,,,,,,,,,,,,,,,,,
Harned-w-18-18,,2:52-54,Jones,wMY,Mg,,,,4/16/2019,,,,,,,,,,,,,,,,,,
Guttulinopsis Bacterial Isolate,E-RHS,2:55-56,Tristan/Lucia,Nutrient Agar + Dung powder,NA,Isolated from Guttulinopsis vulgaris RHS fruiting bodies,,,4/18/2024,,,,,,,,,,,,,,,,,,
Flabellula citata (baltica),PC-Jeff,2:57-58,Kang (Jeff's isolate),SWwMY,Ecoli MG1655,THIS IS ISOLATE FROM KANG et al. 2017,,,4/16/2019,,,,,,,,,,,,,,,,,,
Guttulinopsis Bacterial Isolate,B1-GvSwiss,2:59-60,Tristan/Lucia,Nutrient Agar + Dung powder,NA,Isolated from Guttulinopsis vulgaris Swiss fruiting bodies,,,4/18/2024,,,,,,,,,,,,,,,,,,
Copromyxa sp.,MSU-1-2,2:61-63,Jones,wMY,Mg,,,YES -Pool21,4/16/2019,88% closest hit to Copromyxa sp. PKD 2011 strain ZEB4,>MSU12_TRINITY_DN16024_c11_g1_i1 len=3026 path=[0:0-3025],GTATCAACGCAGAGTACGGTAGAAAGGGGGTCTCCCGGATGAGTCTCAGTACTCATACGGTTGTCCCCCCCTTTCGCAATATAATGGCTTTTTTATTAAAGCAACATCTTACTTTTCGTCTATTATTGGCGATGAGTTATAAGTAGGAGAATCAAGATTAAGCTTGCTAAACGTAGCTGAGGTAAATCTTCTCTCTGGTATACGGTTCTACAGAGCACTTGTACCCCTAGACCTATGCCTCAGGTTTTTTAAACTGGGAGGCTCACTCTAGGAGCAGGCCTTGTTTTGCTTGAATCGTCTTTTTGCCTGCATCCCATATCTTAAACGATGTGGCGATGTGGCAAAACTTATTGTGAGGAGGCAAAAGATCCTTTTGCTAATATCGGCAACAATGATTATTAATGATTGTTGTCCTCTTGCAATTATATCGGTGAGCTTGCAGTCAAAAGCTAGCTTTTATGTTAGCTTTTGTTTGTGCTTCATAGCCATCGACCATTCCTATTCGGTTGTGACGTTTACAACTCTTTTATTAGATTTGCAAAACGCCATGCCACAATAGGAGGGAAACCTTTTTGGAGTAATTCAATCGATTGTGTTGATTGAATAACACACTTCAAAATAAGCAGCAGCAGTGAAGTTTTTTTTTACTGTCTGCTGCATCTTTGGTAACAAACCACATCAGTTTGTTTAATTACGATGACAACTGCAAACAGTAATAATTTATTATTATTGGGAGTGGTAATCGTCGTTGTAATTAAACAATTATGATTATTAGTAGTTACCTGGTTGATCCTGCCAGCAATCATATGCTTGTCTCAAAGATTAAGCCATGCATGTCTAAGTATAAGTCATTATACAGCGAAACTGCGAACGGCTCATTATATCAGTTATAATCTACTTGATCGAATCTGCTACTTGGATAACTGTAGGAATTCTAGAGCTAATACATGCACGAAGTTCGGACCAGGGGCAACTCTGGGAAGAACGCGTTTACTAGTCCAGAAACCAGGGTAGGGCGTTAACTTTGTCGTTGGGGCAACCCGCGGCAAGGGTCCTACTATTGCAGATGATTCATAGTAAGTTTCACGCGAATCGGGGGCTTAGGTCTCCGATGATGCAAACGAGTTTCTGCCCTATCAACTTTCAACCGTAGTGTAGGGGACTACGGTGGTTGTAACGGGTACGGGGAATTAGGGTTCGATTCCGGAGAGGGCGCCTGAGAAACGGCACCCACTTCCAAGGAAGGCAGCAGGCGCGTAAATTATCCAATCCCAATTCGGGGAGATAGTGACAAGAAATACCGGTGTAGGGCCAATCTGGTTCTACTATCGGAATGAGTACAATGTAAATACATTAGCGAGGAACAATTGGAGGGCAAGTCTGGTGCCAGCAGCCGCGGTAATTCCAGCTCCAATAGCGTATATTAAAGTTGTTGCGGTTAAAAAGCTCGTAGTTGGACTTTGGGATAGAGCACAACGGTCCCCAGCAACCTTGTTGTTGTTGGGATAAAGGTCGAGTGTTTCTATCTCTTTTCTCGGAACGCCAACAATGGGATCATCTTTCGGGGTGGTTTCATTGGTTTCGTAGGGATTACTTTGAATAAATTAGGGTGTTTAAAGCAGGCGAACTCGCCTTGAATACTTTAGCATGGGATAATAGAAGATGACCTTGGTCTACTTTATTGGTTTCTAAGGCCAGGGTAATGATTGATAGGGACAGTTGGGGTCGCTTGTATTCAGTGGTCAGAGGTGAAATTCTATGACCCACTGAGGACAAACAAATGCGAAGGCATTCGACAAGGATGTTTTCATTAATCAAGAACGAAAGTTGTGGGATCGAAGATGATTAGATACCGTCGTAGTCACAACCGTAAACTATGTCGACCCAGGATCCGAGGATGTTACATGGATGACTCTTCGGGCACTGTGTGCGAAAGCATAAGTATACGGACTCCGGGGGGAGTATGGTCGCAAGGCTGAAACTTAAAGGAATTGACGGAAGGGCACCACCAGGAGTGGAACCTGCGGCTTAATTTGACTCAACACGGGGAAACTTACCCAGTCCGGACACAACGAGGATTGACAGATTGATAGCTCTTTCTTGATTTTGGGGAAGCCGGTGCATGGCCGTTTTTAGTTGGTGGAGTGATTTGTCTGGTTTAGTCCGATAACGAACGAGACCTTATTCTATTAAATAGTACTGCCGACAAGGGGATTTCTGGAACGGTGGGGCGCAAGTCTTGCCGTTTTGGCGATCTCCATCAAATTGTGGGTTGAATACTTCTTAGAGAGACTTTTGGCGATTTTAAGCCAACGGAAGATTAAGGCAAAAACAGGTCTGTGATGCCGCTCGATGTCTGGGGCTGCACGCGCGTTACACTGATATGTTCAACAAGTATTGATTTTACCTAGCCCGAAGGGGCTTCGGCAATCTCTAAAGCATATCGTGATGGGGATTGTGCCTTGCAACTATTGCACATGAACGAGGAATTCCTAGTAAGGGCAGGTCATCAACCTGCCCTGATTACGTCCCTGCCCTTTGTACACACCGCCCGTCGCTTCTACCGATCGAATTGCTCGATGAGGATTCGGGACGAGAGAAATTCCATTGGCCGAAAGGTTAGTGGGTTTCTTTCGGAACCTATTCGAATCTCGTAATTTAGAGGAAGAAGAAGTCGTAACAAGGTCACTGTAGGTGAACCTTCAGTGGGATCATTAAAACACACCCATTTTTTCGTCATGTCCAATTAATCATCTTTTTTGAAGTTGATATTGGATCATGGCGAAATAAACCTGCTGCGAAGCGTTGAAGTCTTTAATATTTTGTTTAAACTTTTGTTTATGTTCAAAATATCTCTTACGAAAATTTATCTTATTATTTATAATAAATTAATTTTCGCAAATTGTTTTATTTGATATTTTGGTTTTCATTAACCGAATTCAATTAAATAATACACAACTTTTAACAATGGATACCTTGACTCTTTGTTCTACTAATACCTCATCGAATTTCTATAATTCATTTTT,"(((GU938869-Copromyxa_protea-CF0885:0.00140317254605471929,(((GU938870-Copromyxa_protea-BF087B2:0.00000100000050002909,GU938872-Copromyxa_protea-BF0922B:0.00000100000050002909)95:0.00000100000050002909,GU938871-Copromyxa_protea-BF0922A:0.00298173525133199136)100:0.00455333666922281763,JQ271677-Copromyxa_protea-LUM:0.00451831575456551008)57:0.00081991782575715100)96:0.01425232159328082560,KT257695-Copromyxa-SkGuaC:0.01766650493425528379)100:0.05134952500820254284,(MSU12_DN16024:0.06058608955448187283,((KP719189-Copromyxa_vandevyveri-A5DVDPB:0.01624255020974215563,KP719188-Copromyxa_microcystidis-A2JEPDK:0.06569420972268102954)11:0.00681611553017191871,((JQ271678-Copromyxa-PKD2011-ZEB1:0.00073935755733088712,JQ271679-Copromyxa-PKD2011-ZEB4:0.00000100000050002909)100:0.04839355684557351128,((GlaesM:0.05231212590030957094,(Sacclacu:0.01617269925051419491,SaccNTSH:0.02179920985753761725)100:0.09898506198904674647)100:0.07862103236704524878,(((Amoeblen:0.05398609239717180180,(ChaosC:0.01866360480162815305,Amoeprot:0.07581581235873992297)60:0.02499900802843279396)88:0.01015910438236846541,ChaosN:0.02199753477556468453)100:0.20630281220736981784,((Ptolemba-Nx131a:0.18622296785354763848,(Ptolemba-Sk134d:0.00000100000050002909,Ptolemba-LOS:0.00833190673037183943)100:0.13641689167748419220)100:0.15108967510075343998,(((HartAMB:0.04548596104379754729,(Nola509:0.08307807187504837043,(Hartaber:0.03431027908994254555,NolanPRA:0.02641186826106569491)100:0.04841771174799087973)100:0.03829705245353520054)100:0.06154917254350498329,((Rhizsax:0.07736568420295526771,Ripido:0.07093777536132317429)100:0.04145417005009129768,((HARVERMI:0.00314012559150238539,(HarnW183_DN221:0.00000100000050002909,Vermamoeba-HCL:0.01488598042709044986)77:0.00000100000050002909)100:0.14353892136065393714,(Echinthe:0.09759220209048072303,((AB520718:0.00000100000050002909,(GU290114:0.00899423090550591220,MystPP16_DN6800:0.01355557039894958980)29:0.00000100000050002909)64:0.00073693238898746489,Echiexan:0.00000100000050002909)100:0.07522842312418302757)100:0.11973431498580479337)92:0.04623319549023844482)92:0.02973677162564613771)59:0.01075294304035711787,Heleros:0.17196694637896420277)95:0.04234143459024499595)100:0.06370098295150104784)100:0.11028919166291288601)75:0.02213467655304815832)39:0.01425565368825344563)9:0.00495948116359138519)42:0.02002633812099842078,Copromyxa_cantabrigeneis:0.05268759733272060375);",,,,,,,,,,,,,,
"""Rhizamoeba saxonica""",ATCC 50812,2:64-67,Jeff,SWwMY,Klebsiella pneumoniae,15ml tube (13mL) (microaerophilic),,,4/16/2019,,,,,,,,,,,,,,,,,,
Flabellula citata,CCAP1529/2; ISO14-Kostka,2:68-70,Kostka,wMY,Ecoli MG1655,,,,4/16/2019,,,,,,,,,,,,,,,,,,
Rhizamoeba saxonica,CCAP 1570/2,2:71-74,Kostka (Kang),75% SWA,Ecoli MG1655,,,,4/16/2019,,,,,,,,,,,,,,,,,,
GT1-Jeff,,2:75-78,,PDA,,,,,,,,,,,,,,,,,,,,,,,
PR-Jeff,,2:79-81,,PDA,,,,,,,,,,,,,,,,,,,,,,,
### Box 3 ###,,,,,,,,,,,,,,,,,,,,,,,,,,,
Harned-w-18-15 _ NEW GENUS,Harned-w-18-15,"3:""4""",Jones,wMY,Mg,,,YES -Pool21,5/14/2019,closest blast 83% to Schoutedamoeba,>HarnW1815_TRINITY_DN656_c0_g1_i1 len=2506 path=[0:0-2505],TTTTTTTGTGTGGTAACCTTCTTTTGCAAAAAGGCTACCTTTGGATTTGGATGTTAATGATCCCTCCGCAGGTTCACCTACGGAGACCTTGTTACGACTTCTTCTTCCTCTAAATGATATGGTTTACCAGTCTTCTCAAAATGCGACTAGAGTTGCCCCTAGTTGAGCACTTCAATCCGAAAGTTTCACCGGATCATTCAATCGGTAGAAGCGACGGGCGGTGTGTACAAAGGGCAGGGACGTAATCAACGCGAGCTGATGACTCGCGCTTACTAGGAATTCCTCGTTGAAGACTAATAATTTCAATAATCTATCCCCATCACGATTGAATTTATAAGATTACCCATCCGATTCCGGAAAGGATGAACTTTTTGTTCGAATCAGTGTAGCGCGCGTGCAGCCCAGAACATCTAAGGGCATCACAGACCTGTTATTGCCTCAAACTTCCATACATTAAACATGAATAGTCCCTCTAAGAAGTATAAACTAATTGTCCAAGCTTCCACGGCCGGGCATGAAAGGATCAAAGACCCCTCCACAAACCAACCGCTTCAACCATTAGGACATTAATCCTACTATTTAGCAGGCTGAGGTCTCGTTCGTTATCGGAATTAACCAGACAAATCACTCCACCAACTAAGAACGGCCATGCACCACCACCCATAGAATCAAGAAAGAGCTCTTAATCTGTCTATCCTTACTATGTCTGGACCTGGTGAGTTTTCCCGTGTTGAGTCAAATTAAGCCGCAGGCTCCACTCCTGGTGTGCCCTTCCGTCAATTCCTTTAAGTTTCAGCCTTGCGACCATACTCCCCCCGGAACCCAAAGACTTATGATTTCTCACAAAGTGCTGGGGGAGTCATCCATGTAACGTCTCCCAATCCTTGGTCGGCATCGTTTATAGTTAAGACTACGACGGTATCTGATCGTCTTCGATCCCTTAACTTTCGTTCTTGATCAATGAAAACATCCTTGGCGAATGCTTTCGCATAAGTTTATCTTTATTAAATCCAAGAATTTCACCTCTGACAATTAAATATAAACGCCCCCAACTGTCTCTGTTAATCATTACTGTTTCGCCCAAACCAACAAAATAGCGAACTAGTCCTATTCTATTATCCCATGCTGAAATATTCAAGGCATAAATAGCCTGCTTTAAACACTCTAATTTTTTCAAGGTAAACGATCCAGAGCTAACAAGCCAATCAGTTAAGACTAGCCAGCAACAACTGGAAAGAAGAACCGTACGGTTAGTACACACCATCTCGGCAGACCAACAACGCACTAGGTTCTGGAGTCCGACTACGAGCTTTTTAACTGCAACAACTTTAATATACGCTATTGGAGCAGGAATTACCGCGGGTGCTGGCACCTGACTTGTCCTCCAATTGTTCCTCGTTAAGGTTTTTAAATTGTACTCATTCCAATTACGAGACCCGATGGGCCCCAGTATTGTTATTTATTGTCACTACCTCCCCGTGTCGGGATTGGGTAATTTGCGCGCCTGCTGCCTTCCTTGGAAGTGGTAGCCATTTCTCAGGCTCCCTCTCCGGAACCGAACCCTAATTCCCCGTTACCCGTTATAACCATGGTAGTCCACTACACTACCATCAAAAGTTGATAGGGCAGAAATTTAAATGATGCATCGCCAGTTCGAGACCGTGCGATTCGATCAATTACTATGATTCATCAAGTACTGGTTGCCCAGGTTGATTTGTTTCTAGTAAGTTCATCCCTTCGTAAGTTGGGATCGTTAGCATGTATTAGCTCTAGAATTACTACAGTTATCCAATTAGAATCTCCATCAAGTAAACTATAACTGATTTAATGAGCCATCCGCAGTTTCGCTGTATAAACACTTATACTTAGACATGCATGGCTTAATCTTTAAGACAAGCATATGACTACTGGCAGGATCAACCAGGTTTCACATCCATATATACCATTAGGGTTTTTGATCCTCAATACCGCCTCGGTATTAAGGAAACCTCTAATGATTAAAGGTTATGAGATTAGATTGATTTGTAGTATCCCTTTAATAAGGGATTGCCTATTACTACACCAAAAAACACGACAAACCAATAAGGAATTGGTTTTACCTAATCTGCCTTAATATAATAACCATCATGTATTCCATCCCGAGAGACAAAAAAGCTGACACCATCATATAATTAAGAAGAGGCTAATCCTATTCCCCAGTTTTGGGCTTTGATCTAGAAATTCTAGATAAAAGGATCCTCAACACAAGGTTCGATCACCTTTTTAGGACGGTGATAAGGTCCATGATAAGAAAAGCTATTCAAAACCCGAAGGTTTTGATAGACCCTCCTAATGAAATGAAGCTATAATGATTGATATCATTCATAACAACGTCTCAATGTACCTATTAAGGTTCTGACGTAATCCCTTTGAAACGTGAGTTCCATCGTTTATACGGCATACCCATATAGGGTAGCATTGGAGACAACCGAAATCCTAATCCCGTACTCTGCGTTGATACCTGTCT,,,,,,,,,,,,,,,
BC E+ 3,,4:69-70,Nate,LB,,,,,,,,,,,,,,,,,,,,,,,
TEL-w-17-9,N/A,3:5-7,Jones,wMY,Mg,,yes,,5/14/2019,,,,,,,,,,,,,,,,,,
Harned-w-18-6,N/A,3:9-12,Jones,wMY,Mg,,,,5/14/2019,,,,,,,,,,,,,,,,,,
MSU2-1 _ NEW GENUS - UNION SISTER,MSU2-1,3:13-15,Jones,wMY,Mg,,,YES -Pool21,5/14/2019,UNION SISTER - closest blast 86% to Ceratiomyxella,>MSU21_TRINITY_DN5346_c0_g1_i2 len=7649 path=[0:0-187 3:188-5475 4:5476-5517 5:5518-7648],GTATCAACGCAGAGTACGGGATGGGAAGAAAGGGATCCATCGGACTCCAGAATCGGAGACCCGTAAGCGTCGGGTAGGACGTTTATTGGTCTCGGGTGGTCGACCATGCATCGGGTCTGATGCTGTGTCGCCGTTGGGGTTTTCGGTGGTCGGCAAGCGTTTTTCGGCCTTTTGACTGGTCGGCAAGCATCGGGTAGGGTGCTAGTCGGTCTTTTAACTGGTCGGCAGGCGTTTTTCGGCCTTTTGGCTTGGTCGGCGGTGGAAGTAATGAGGCTACGGCCGGAGTATTTCCATCCACTGGCTTTGCCATCGAGGGGGCTTGCTCTCTCACTTTTTCGACACTGACAACATAGGCCGATTCTGTATGCATGTGATCTTTTAGGTCTGTGCACTCGTGAATCGGCCTGTGACTCTGAAGGTTCAGCTAGGTGGATGTTTCTTCCGCCTAGCAGTGACCTTTGAAGGGTGTTTACTAGCCGTTTACACCATGATCCTTTTCATCGTTTTGCGGAGGCCGGAATTCCATGAAGCTAACCTGCCCATTTTTTTGGGCTAACCAGCATCTACGGGTCTTTCCGACTTCACTATGGCTGAAAAGTCTTGTGGTTGGTCTTATAACCTAGTCTTTTGTTGGCTATTTCTATGCCGCATTTGATAGGGTTATTTGGCTATATACTACCATAGGGCTTCTAGGCTATGAAACAATTCCGATATTTGGATCCCCCTGGACCCAGAGAAGCTAGCTTCTTTTTGGGCCCATAATCACAATTGACGGCCTAATTTATTTTAGGCCGAATTCTGTGATGGCCTCTATTTTTCAGATTAACCATCGTGTTACCCTACCTTTCGGCCTCTCATCTGCGTGGTGTTTGGTTTGCTAAGGTAGGGGTTATATGCGAAACCTGGTTGATCCTGCCAGTAGTCATATGCTTGTCTTAAAGATTAAGCCATGCATGTCTAAGTATAAGCATTTATACAGCGAAACTGCGAATGGCTCATTAAATCAGTTATAGTTTATTTGATGGTATTTTTACTTGGATAACCGTAGTAATTCTAGAGCTAATACATGATATAAGCCCCGACTTTTTGGGAGGGGTGTACTTATTAGATACCAAACCAATCTGGGGCAACCCAGCATACGTTGACTCATAATAATTTTTCGAATCGCATGGTCTCGCACCGGCGATGCATCATTCAAATTTCTGCCCTATCAACTTTTGACGGTAGTGTAGTGGACTACCGTGGTTATAACGGGTAACGGGGAATTAGGGTTCGGTTCCGGAGAGGGGGCCTGAGAGATGGCCACCACTTCCAAGGAAGGCAGCAGGCGCGCAAATTACCCAATCCCAACACGGGGAGGTAGTGACAATAAATAACAATACGGGTCCCGACAAGGGTCTCGTAATTGGAATGAGTACAATTTAAACCCCTTAACGAGGAACAATTGGAGGGCAAGTCTGGTGCCAGCAGCCGCGGTAATTCCAGCTCCAATAGCGTATATTAAAGTTGTTGCAGTTAAAAAGCTCGTAGTCGGACTTTGGAAGCCAGTGTAGTTCGGTCTGCCGTGATGGTGTGTACTAACTATGCGCTTCTTCCTTCCAGATGTCTCTAGCTGCTCTTAACTGGGTGGCTAGTTGGCGCTGGATCGTTTACCTTGAAAAAATTAGAGTGTTTAAAGCAGGCTAATCTTTTGCCTTGAATATATTAGCATGGGATAATGGAATAGGACTCGGCTCCTGTTTCGTTGGTTTGAGTGGCTGAGTAATGATTAATAGAGACAGTTGGGGGCGTTCATATTTAATTGTCAGAGGTGAAATTCTTGGATTTATGAAAGATGAACCTATGCGAAAGCATTCGCCAAGGATGTTTTCATTGATCAAGAACGAAAGTTAAGGGATCGAAGACGATCAGATACCGTCGTAGTCTTAACTATAAACGATGCCGACCAAGGATTGGGAGACGTTACATGGATGACTCCCCCAGCACTTTGTGAGAAATCATAAGTCTTTGGGTTCCGGGGGGAGTATGGTCGCAAGGCTGAAACTTAAAGGAATTGACGGAAGGGCACACCAGGAGTGGAGCCTGCGGCTTAATTTGACTCAACACGGGGAAACTCACCAGGTCCAGACATAGCGAGGATTGACAGACTGATAGCTCTTTCTTGATTCTATGGGTGGTGGTGCATGGCCGTTCTTAGTTGGTGGAGTGATTTGTCTGCTTAATTGCGATAACGAACGAGACCTCAGTCTGCTAACTAGTCGTGGCAATATCCTATATGGTTGAAGCATTCTCGTGGCGTAGGGGCTTAGGCCCTTGCGTACGTGAGTGTGGAAGCTTGGACTATTGCCTGGTTACTTCTTAGAGAGACTATTTATGTTTAATAAATGGAAGTTTGAGGCAATAACAGGTCTGTGATGCCCTTAGATGTTCTGGGCTGCACGCGCGCTACACTGATTCAAACAACGAGCTTCCTGGCCCGAAGGGGCTGGGTAATCTTTTAAATTGAATCGTGATGGGGATAGATCATTGCAATTATTGGTCTTCAACGAGGAATTCCTAGTAAGCGCGAGTCATCAGCTCGCGTTGATTACGTCCCTGCCCTTTGTACACACCGCCCGTCGCTCCTACCGATTGAATGGTCCGGTGAAACTTTCGGATGGAGGTTCATATGTAGGGGCAACCCTGCTAGTTCCCCCAGAAGATCGGTAAACCATATCATTTAGAGGAAGGAGAAGTCGTAACAAGGTCTCCGTAGGTGAACCTGCGGAGGGATCATTAACGTTTTAATACCATAACCAAGACGGCGGCCGGCCTCTATTTTATAGGGCTAGCTGCTGTTTTGTACACCTGTGAATTGTTAAAGTCTTAGCCAGTATGGTTTCTAACCATATTCGGCCTATTCGTACCCACCTATACCTATGTCTGATTTAAAATTTAGCCATATTGCTTTTTAAGTGATTTTGGCCTAATCAAATACAACTGTTAGCAACGGATCTCTAGGCTCTCGCAACGATGAAGAGCGCAGCGAAATGTGATACTTAATGTGAATTGCAGAATACCGTGAATCATCGAAATCTTGAACGCATACTGCGCCTGAGAGTCATCTCTCAGGCATACCTGTTAGAGTGTCAGTTATCATATCAATCCAGCCTTTGGGCTGGGACTTTGGTGGTATATGGAGCAATCCGTCTTCCGCTCAAAAGATAATGTTTGTAGGACAAGCGACTCTAAACTACCTGCTTGCCGTGAACTGTTAATAGTACCTTTACTGGTTTATTGCAGCCTCAGACAGTATGGCCGGTTTGGCTTCCGTTTCCCTACAGGCATATTTTTGATACTTGGTTTTATAGGCCTGCGCGGCTTATCTAATCAACCTTAACATTTTGACCTCTAATAGGTAAGACTACCCGCTGAATTTAAGCATATTAATAAGCGGAGGAAAAGAAACCAACCGGGATTCTCATAGTAAGGGCGACTGAAGTGAGAAAAGCTCAAGCTTAAAATCTTTACGCTTCGCGTAACGAATTGTAGCTTTGTGGGCAACTTTCGGCCGATATCTTGATCTAAGTTCTCTGGAACGTGACGCCATAGAGGGTGATAGCCCCGTTTGGTCAGGAAGTAAGCCATAGACTGTTGCTTCGAAGAGTCGGGTTGTTTGGGAGTACAGCCCTAAGTGGGAGGTAAATTCCTTCTAAAGCTAAATACTGGCGAGAGACCGATAGCGAACAAGTACCGTGAGGGAAAGATGCAAAGAACTTTGAAAAGAGAGTTAAAAGTACGTGAAATTGTTAACAGGGAAGCGATTGCGCGCAGTAGTATACTGGCTGGCGGTTCACTTAGCCTTTGACTGACCTCTATCGTATGGAAGGGAGCCATTGTGCTTTTTCCTGCGGTTTAGGACCGGTTTCTGGTTGGGGTATTCCGCTAGTTGGTCTGGCAACATCATTAAGTGGTGCAGGAAAAGGCTTGTCGGAAGGTAATTCATTGTGGCTTGCTGCGGTGGGTGAATACTGGCAGGAGATACTGTATTGCTTAATGAGGGACCCTATGGGTCAAAGTAGGCGCCTCGGCAAAGTATAATATTAGGCATGTTGTTATGGCGGCCCTTACAGCTTGCTGTGTGGGTTGACCATGGCGGCTTGATTGGTATTACTATTTACCTACTACGATGTTTCCGAAATGCATGTAATCGTCCCGTCTTGAAACACGGACCAAGGAGTCTAACATCTATGCGAGTGTTCGAGTGGAAAACTCTGACGCGAAATGAAAGTGATAGATGGGATACTGACCCCCCGGGGAAAGTTGCACCGTCGGCCGATCTTGAAATTTATGGATAGATTTGAGTTGGAGCATAACTGTTAGGACCCGAAAGATAGCGAACTATGCTTGCATAGGGTGAAGCCAGAAGAAATTCTGGTGGAGGCTCGAAGCGGTACTAACGTGCAAATTGTTCGTTAAATGTGAGTATAGCGGCGAAAGACTAATCGAGCTATCTAGTAGCTGGTTTCCTCCGAAGTTTCCCTCAGGATAGCTGGAACTAAATAATAGTTTTATCTGGTAAAGCGAATGATTAGAGGCCTTAGGGTTGAAACAGCCTTAACCTATTCTCAAACTTTAAATGGGTAAGATCGCTTCGTTGCTTAGGTGAACGTTGCGGACGAATAAATAGTTCTTAGTGGACCACTTCTGGTAAGCAGAACTGGTGATGCGGGATGCTCCGAACGTTGGGTTAAAGCGCCAAAATTCACGCTAATCAGATCCCACAAAGGGCGTAGATTCATATTGACAGCAGGACGGTGGCCATGGAAGTCGGAATCCGCTAAGGAGTGTGTAACAACTCACCTGCCGAATGAATCTGCCCCGAAAATGGATGGCGCTTAAGCGTGGTGCTTATACCTAGCCTTTAGGCCAGTATTACGGCTTAAAGAGTAGGAGGACGTGAAGGTCGGCTGGTAAGCCTCTGGAGGTGACTCTGGGTGGAGCGGCCTTTAGTGCAGATCTTGGTGGTAGTAGCAAGTATTCAAGTGAGATCCTTGAAGACTGAAGTGGAGAAAGGTTCCACGTGAACAGTGATTGGACGTGGGTTAGTCGATCCTAAGACTCAGCGTAACTGTGTGTGATAGAGGGTGTCCGCAAGGATATCCCCTCGTAGGTCGAAAGGGAAGCAGGTTAATATTCCTGCACCATAATTTAGGGATACGGGTGGTAACACGAACAAACCTCGAGAAGCTGGCGCGGGCCCCAGGGAGAGTTATCTTTTCTCTTTAACGATCTAGGCTTAGCCGAGAACCCTGGAATCAGATTATCTGGCGATAGGGTTCAAAGGTCGGTAGAGTAGCATATTTTTTGTGCTATCTGGTGCGCTTGCGACGGACCTTGAAAATCGAGGGGCGCAGTTGTTCCTAAGTTAAGGTCGTACTCATAACCGCATCAGGTCTCCAAGGTGAGCAGCCTCTAGTCGATAGAATAATGTAGGTAAGGGAAGTCGGCAAAATAGATCCGTAACTTCGGGAAAAGGGTTGGCTCTAAAGGTTGGGTTGTTGGACTTTTGTGCTAAAGCATGGAGTTTAGGGGGACTGTGGCGTGATGGGCAACCGTCATGCTATGGACCTCTTGAGTGAAGTGTGGCGGTGCTTGAGGCGGGCTCTGGGGCAACTTGGGGTCTTTCTGGCAGCATTTTATCAACCAATTTAGAACTGTTTCGGACAAGGGGAATCCGACTGTTTAATTAAAACAAAGCATTGCGATGGTCGCAAACGATGTTGACGCAATGTGATTTCTGCCCAGTGCTCTGAATGTCAAAGTGAAGAGATTCAACCAAGCGCGGGTAAACGGCGGGAGTAACTATGACTCTCTTAAGGTAGCCAAATGCCTCGTCATCTAATTAGTGACGCGCATGAATGGATTAACGAGATTCCCACTGTCCCTATCTACTATCTAGCGAAACCACAGCCAAGGGAACGGGCTTGGCATAATCAGCGGGGAAAGAAGACCCTGTTGAGCTTGACTCTAGTCTGACATTGTGAAATGTCTTCGGAGGTGTAGCATAGGCGGGAGGGCAACCGATCTTGAAATACCGCTACTCCGAACGATATTTTACTTATTTAATTGGGAAGAGACTGGGCTCAAAAGGCCCTTATTTCTGGCTTTAAGTCGGCATTAGCCGGCGATCTTTGTTAATGACAGTGTCAGGTGGGGAGTTTGGCTGGGGCGGCACATCTGTTACATAACAACACAGGTGTCCTAAGATAAGCTCAGAGAGGACAGAAACCTCTCGTAGAACAAAAGGGTAAAAGCTTATTTGATTTTGATTTTCAGTACGAATACAAACCGTGAAAGCGTGGCCTATCGATCCTTTAGCTCGTTGGAATTTAACGCTAGAGGTGTCAGAAAAGTTACCACAGGGATAACTGGCTTGTGGCAGCCAAGCGTTCATAGCGACGTTGCTTTTTGATCCTTCGATGTCGGCTCTTCCTATCATTGCGAAGCAGAATTCGCCAAGTGTTGGATTGTTCACCCACTAACAGGGAACGTGAGCTGGGTTTAGACCGTCGTGAGACAGGTTAGTTTTACCCTACTGATGGAAACGAAGACGAAACACCACAAAAGTAATTCAACTCAGTACGAGAGGAACCGTTGATTCAGATAATTGGTATCACTGTTGGCCGAAAGACCAATGCGGTTAAGCTATCATCTGTCGGCATATGGCTGAACGCCTCTAAGCCAGAATCCGTGCTTACATGGTGCAATATATCCTATATGTTTTAGGTGCAGTAAGAATAGGCCTTCGGGTCGAAAATCGCATAGTGTGTTTATGCTGGTTAGGACAGACTACGTCCTGGCTGGCTAAAGCTCGAATAATAGTTTCATTATGTATAGGAATAAATCCCATGCAGACGACTTGAGTATGGTACAGGGGACTGTACGCGGTAGAGTAGCCTTGTTGTTACGATCCGCTGAGGTTTATCCTATGTACCTTAGATTTGAAAAATATCACTTCAGGTGGGCCTTCTAGGCTTTCATAGAAGGGAAGGACCCACCAGCGCCTTATGGCACTGGTGGGTCTTTTTCTTGAGAAAATTTTCGACTAAAACTCTGGCCTAAAAAAATGCAATCACAAAAGAAGTATACCCCTTTACCCTATTGTTTACAGTAGACTTCACCCCCGCTGTCACCAACCATATTAACAAGAAGTAAACTGAGGCCGCAGATAAATCCCAGACAGCACTAAACACCCCAACCAAGAAGAACCCCAACCAAGAAGAACCCCGAGCTCGAGGAAGAGGCCCGATTCAATCCCAGCCACCATCAAATATGCCAACCAAGAAGAAAGCCAAGAAAGGTGGGTCAAACACCACACCCCTTGACCCGGATTTCCAGGCCCTCCTGAAACGGGTATCTGATATGGCAGAAGAAGACTCCCCACCCGAGGAAGAGATTCTCGAGAAGGCCAAGAAAAAGGCCCCCAAAAGAAAATTAAAGAAGAGAAAAGATGACAAGTCGGCCTCCTCATCCGAGGAGGAGGCCCCCAAGAAAAAGCAGAAGAAGAAAAAAACCAACAAGTCGAGGTCCTCATCCGAGGAAGAGGCCATCAAGGCTCAGAAGAGGGCCGAGAAAGAGGCCATTGAGGCTCAGCAGAGGGCCGAGAA,,,,,,,,,,,,,,,
Vermamoeba vermiformis,Harned-w-18-3,3:17-20,Jones,wMY,Mg,,,YES -Pool21,5/14/2019,,>HarnW183_TRINITY_DN221_c1_g1_i1 len=7010 path=[0:0-7009],AGCATTTTTTTTTTAAAAAAAGAAAAAAAGAAGAAAGTTTCCTTTCCCTTTTAATCCTTTTTTTTAAGGTTTTGCGAATCTCGAGAACGGAGGCTTAATCTCAGCGGATCGTGGCAACGTGGCCACTCTACCGCTTACAATACCACGTTCCTGACTTAGGTCGTCTACGAAGGATCCGTGCCTCGCCGACGCACGAAACGACTATTCGGGGACTCGAGGCGCCGGGTCATTTTCGGCCCGACGACCCTGTCCCCAGATGGTAGGACTCCGGGCCCGAAGGCCTATCGGGGTTCTCCGCCCGAACCTCGACGAGGCGTAAGCACCGTAGCGTTCTAGAGAGGATTCTGGCTTAGAGGCGTTCAGCCATGATCCCACGGATGGTAGCTTCTCGCCGCTGGCCGTTCGACCAAGCGAATAGACCAATTGTCCGAATCAACGGTTCCTCTCGTACTGAGTTGAATTACTATAGCAACGGTAGTCGTATCATTCATCAGTAGGGTAAAACTAACCTGTCTCGCGACGGTCTAAACCCAGCTCACGTTCCCTTTCGAAGGGTGAACAATCCAACACTTTGGGAATTCTGCTTCCCAATGATAGGAAGAGCCGACATCGAAGGATCAAAAAGCGACGTCGCTATGAACGCTTGGCCGCCACAAGCCAGTTATCCCTGTGGTAACTTTTCTGACACCTCTAGCTCGAGATTTCCGAAGGCCAAAGGATCGATAGGCCACGCTTTCGCGGTTTGTATTCGTACTGAAAATCAAAATCAAGAGAGCTTTTACCCTTTTGTTCTACACGAGATTTCTGTTCTCGTTGAGCTCCCCTTGGGACACCTGCGTTATCCTTTAGCAGATGTGCCGCCCCAGCCAAACTCCCCACCTGTCAATGTCCTCGACGTAGATCCCTCGGGCAGAGGCCCCCCCGATCGAAACCGAGGGAGCGTGCGTCCGAAGTTAGCTCCAGAAAGAGAGGGTCTCCCCTCGTCTCCACGCGACCGAGTGAGCGAAACAACGTCGAGAGTAGTGGTATTTCAGGATCGAACGGCCGCGAGGACCGCCTCCCACCTATGCTATACCTCTCGCGTCGCTTCGCAAAGACAGACTAGAGTCAAGCTCAACAGGGTCTTCTTTCCCCGCTGATTTTGCCAAGCCCGTTCCCTTGGCTGTGGTTTCGCTAGATAGCAAATAGGGACAGTGGGAATCTCGTTAATCCATTCATGCGCGTCACTAATTAGATGACGAGGCATTTGGCTACCTTAAGAGAGTCATAGTTACTCCCGCCGTTTACCCGTGCTTGGTCGAATTTCTTCACTTTGACATCCAGAGCACTGGGCAGAAATCACATTGCGTCAACACCTGCTGAGGCCTTCGCAATGCTTTGTTTTAATTAAACAGTCGGATTCCCCTGGTCCGTACCGGTTCTGAATCGGTCGTTGAGCGCCAGGAGAAGCAACATGCCCGGGGTCGCCGAACACGCTGCGTCCCGCCCCCCTACCTCCCCCTCGAAACGAGCTACACGGATCCGTTGCCAGACCCGTATCTCCCATCCCAAAGAGAAGGCGCGGAAGACGGACCTCCTGGCCCGACCTTCAGAGCCAATCCTTTTCCCGAGGTTACGGATCCATTTTGCCGACTTCCCTTATCTGCGTTGTTCTATTCGACCAGAGGCTGCTCACCTCGGAGACCTGCTGCGGTTATCGGTACGGCCCGGCTCCACGTGCTGATTTCTCCCTCGGGTTTTCAAGGGTCGGCGGCCACGCACCGGATGCCCCGAACAAAGCGGGGCACTCTGCCAGTCGTTCCACCCTATCTCCGGGCGAACCGATTCCAGGGTCGTTCGGACTGTCAAGAAGAAAAGACAACTCTCCCCGGGATGGCCGTCGACGTCCCCGAGCTCGACCGCGTCGCCGCTTGCACCGGAGTCCGGGTCCAGGAATTTTCGCCTGGTTCCCTTTCGGCAAGGGGAGCCGATCGGACGGTAAACCGCCCGAAGCTCCCATCTGATGGAGTTTACCCATGCCTTAGGACCGACTGACTCGCGACCGACTGCCGTTCTCGCGAAACCCTTCTCCGCTTCGGCCCACAAGGTTCTCGCTTGTGTATTCGCTACTACCACCAAGATCTGCACTAGAGGCTGCTACTCCTCCCGTCACCGGGCCGGATGCTTCGCAACCTCCACGCCCTCCTACTCGTCGAGACGTCGTAAAGCCTCGACGGCGAAGCATGAGCGGCACGCTTGAGCGCCATCCATTTTCAGGGCCGATTCATTCGGCAGGTGAGTTGTTACACACTCCTTAGCGGATTTCGACTTCCATGACCACCGTCCTGCTGTCTGGATGAATCGACACCTTTTGTGGTATCTGGGTGAGCGTGCACTTGGGCGCTTTAGCTTCGCGATCGGTTCATCCCGCATCGCCAGTCCTGCTTACCAGGCATGGCCCACTAAGAGCTCTCCATTCGGACCCCGAGTTCAAATTCAAGCAACTCGGGTTTCTTACCCATTTAAAGTTTGAGAATAGGTTAAGGTCGTTTCGACCCCAAGGCCTCTAATCATTCGCTTTACCAGATAAAACTGTTCACGAACGAGCTCCAGCGATCCTGAGGGAAATTTCGGAGGGAACCAGCTACCAGATGGTTCGATTAGTCTTTCGCCCCTATACCCACGTCGGACGAACGATTTGCACGTCAGTACCGCTACGAGCCTCCACCAGAGTTTCCCCTGGCTTCACCCTGCGCAGGCATAGTTCACCATCTTTCGGGTCCCGACGAGCATGCTCCCGCTCAATCCTCCACCGAGGGTGATTGGCCGACGGTGCTGCCTTGCGGCTTCCCGCCCGCTCGCTCTCGCTTCGCGTGGGGGTTTGTCACCCTTCCGCTCGCATGCGCGTCGGACTCCTTGGTCCGTGTTACAAGACGGGTCGAACGAGACCGTTACGCCCACGTCCCTAACGTGCTTGGTCCCCCACCTCGCCCGAGGGGAGATGGGGACAGACCGCCCGAGGGCGCACGTTGGTTTCCTCGACCCGGCGCACCGTTCCGAAAGAGCGCGTCGATGGGAAACCCCACCCGCCCTCGCTCTTCCTCCCTACGGTGAACCGAGCCGACGTGGGCCGATCGACGGGCCGAGTGCACCCGCTCAGCAACTCGGAGCCGGAGACTAGGAGCTTTCGCCCTCTAGCTCTCGGACACCGGAAACTGAGAGAGATGATCTCCCGCCGACCGTAGCCGATCCCGTTCGCTTCCCTTTCGACGATTTCAAGCGCTTTTAACTCTCTTTCCAAAGTTCTTTTCACCTTTCCCTCACGGTACTTGTTCGCTATCGGTCTCCCACCCGTATTTAGCTTTGGATGAAATCTACCACCCATTTAGGCAGCAATCTCAAACTACCCGACTCGCCGAACACCGGATGCAGTCGAACCGACCGATGAGTCCGTCATGGGGTTCTCACCCTCTAAGACGCCCCGTTCCAGGGGACTCCGTACTCACACGATCGACCCGGCAACCGGCGCTCGAAAGGCTACAATTCGAAAGGCCCTGTGGACCCCCGATTTAAAGCTTGAGCTGTTCCCGCTTCGCTCGCCGCTACTGAGGGAATCCCTGTTGGTTTCTTTTCCTCCGCTTATTAATATGCTTAAGTTCAGCGGGTAATCTTGCCCGATCTGAGGTCGTGGTTAGAGAGGGGAGGATTTGACTCCTCCGACCCTGGTCTCACGGACCACGGACGGCGTCTGTCCACCCGAAAGCTGATCCCAAGGTCGACGCGAGTTGAATGGTTCAGGGCATGGACTCCCGATATGAGTTGCACCCGGGGGCGCTCTCGACGGAAGCTAAGCACCTGATCCCTCATCATCGGATGGGGCAATCGGGGGTGCGCCTCGTTCCCAGAAGACTGCATCTCTGCAGACTCCCGATCACCCATCTACCCACGGTTTTTAATCGTGAGAAGTTGGGATTTTTGGGAACGACGCTCAGACGGGCATGCTCCCGGGAAGACCCGAGAGCGCCGGATGCGTTCGAGGATTGCGTGATTCGCCGAATTCTGCGATTCGCACGACATATCGCGTTTCGCCGCGCTCTTCATCGGCGTGGGAACCGAGGTATCCGTCGTCGAAAGTAGTCGACTAGGTTATTCTCGTTTCTCGGAAGGATCTCGCGATCCCTCCCTCGATCGATGTTTCGCCGAGGGGGCTACGGTTATGGAGTCTCCCCGGGATGGTTCGAGGACCTGAGTCCTTGAGGTCCCGGGAAGGGACTTCGACCGTTCGCTATCAGGTGTCGGAGCGTGCTCTACCTCTCCCGGAGGAGAGGAAGGGTCACGACCGATGGACGACGTTCTTCAAATGATCCATCCGCAGGTTCACCTACGGATACCTTGTTACGACTTCTCCTTCCTCTAAACGGTAAGGTTCGAACAGCTTCTGGCGCGGACACAGGGTTTGACCCCTGCGTGCCGACCATCCGGAGTTCTCGCCGGACCGTTCAATCGGTAGGAGCGACGGGCGGTGTGTACAAAGGGCAGGGACGTAATCGGCGCGAGTTGATGACTCGCGCCTACTAGGAATTCCTCGTTCAAGATCAATAATTGCAATGATCTATCCCCATCACGACGGAGTTTCAGGAGGTTACCCAGCCCTGTCGGGCAAGGAAAGACGCTCGTTGACTCCGTCAGTGTAACGCGCGTGCGGCCGAGAACATCTAAGGGCATCACAGACCTGTTATTGCCTCAAACTTCCATTCGCTGGCGGGTGCGAATAGTCCCTCTAAGAAGTCGAGCCGCGAACTTTGAGCCCTTGCGGACCGGTTCGCGTGACTATTTAGCAGGTTAAGGTCTCGTTCGTTAACGGAATTAACCAGACAAATCACTCCACCAACTAAGAACGGCCATGCACCACCACCCACTGAATCAAGAAAGAGCTTTCAATCTGTCAATCCTCACAGTGTCCTGACCTCGTAAGTTTCCCCGTGTTGAGTCAAATTAAGCCGCAGGTTCCACTCCTGGTGGTGCCCTTCCGTCAATTCCTTTAAGTTTCAGCCTTGCGACCATACTCCCCCCAAAACCCAAACACTTATGATTTCTCACAAGGTGCCCGGGGAGTCATCCATGCAAACTCTCCGGATCCCTGGTCGGCATAGTTTACGGTAGAGACTACGACGGTATCTGATCGTCTTCGATCCCCCTACTTTCGTTCTTGATTAATGAAAACATCCTTGGCAAATGCTTTCGCATTGGTCAGTCTTTAGTAAATCCTAGAATTTCACCTCTGACAACTAAATACTAATGCCCCCAACTGTCCCTATCAATCATTACTTCAGCCAAGCGAAACCAACGAAACAAGACCGAAGTCGTATTCCATTATCCCATGCTAACGTATTCGGAGGCGAGTTACGCCTGCTTTGAACACTCTAATTTCCTCAAAGTAAACGATCCTAGCGGTTGATTCCCCACCCTCGCGGATGAGGACCGTTAGGAACATAGGAGGCCAGCAACCCGCTCCCCGAAGGGGCGGACTGCTAAAGACCTTCCGAAATCCAACTACGAGCTTTTTAACTGCAACAACTTTAATATACGCTATTGGAGCTGGAATTACCGCGGCTGCTGGCACCAGACTTGCCCTCCAATCGTTACTCGTTAAGGGATTTAAATTGTACTCATTCCAATCGTAAGCCTCTCGAGGAGACATTACAATGGTATTTCTTGTCACTACCTCCCCGTGTCGGGATTGGGTAATTTGCGCGCCTGCTGCCTTCCTTGGAAGTGGTAGCCGTTTCTCAGGCTCCCTCTCCGGAATCGAACCCTAATCCCCCGTCACCCGTTACGACCATGGTAGACCGATACTCTACCATCTAAAGTTGATAGGGCAGAAACTCGTATGCATCGTCGTCGGCGGGGCCGACGATCCGATCGGTTACTGTGAATCACCTGTGCTACCTCCCCTCGCGGAGAGGTGTCGGTTTTTAATCTAATAAACTCGTCCCTTCCGCGTTGCCGCGTCCAGGATTTTTAGCATGTATTAGCTCTAGATTTACTACGGTTATCCATGTAAGAAGATACGATCAAGTAGACTATAACTGATTTAATGAGCCATTCGCAGTTTCGCTGTATAAGATCGCTTATACTTAGACATGCATGGCTTAATCTCTGAGACAAGCATATGACTACTGGCAGGATCAACCAGGTAACGCCGTAAAAACAGACTCGGAGGTTTCGCAGGGTCCGTTTTACCGGTCCCCGATACTTCCCCCTTCGTGTCCGAGATCACGTCGCACACCACGATTAGATCTGTGGGTGTGAGGTTCTCCTAGAGCGGTTTCCCTGTCGACGTACTAGACGTCGGTCGGGTCCTCCCTCGGGTTCCCTCTTCCGTCGTTGCCGTTGGACGAAAGCCTTTCGAATCCGTCTCGACTTCTCCCCTTCCTCCCGTACTGAGACGGAGTCCTGCGCTAAGCAAGTCTCTTTCTTTTCCAGAATGATGGGTGAGGAATCGTGAGGATCCTCGTTCATGGGGTTCTTCCCGGGACGAATCCCAGGCGACCTCCCACGACTTGGTTAACGTCTTCGGGTTCCGGCGTATGCGAACTGGGCCGTTCGCCTTTGCCCGTGGGCAAATCTCTCCAGATTACTACATTCCCGCCCCCTCGGTTCCTCCCAAGCATTTACGCTCGGGTGGCGCCGGGTAGGGGGTGGAACGCATTTTCATCCTTCGGGCCCAGGTAACCGAGTCACCAGTACTTGGTAGAGCTCGCGCCCTTCCTTTCCCGGATCCCCGGATAGGCCTCCTCGTGTCCTGGCTTCCTCGCTCCTCGGGTGCGTCCCTTTCGGGAGGCTGCTCGAGGCTCGGGGACTCCTGGACGCTGAGTCGTCCCACCTCATCACGCTGCCGCCCTGCCTCCGGAGAGGCTAGGACTGCACAGGTTCTGAGAGATCGGTTCAGAAAGCTGAGCTGACTAGTCGCTAGACCTGTCTGCTTCATTTTTCTTTCCCTCTCCCGTACTCTGCGTTGATACCTGTCT,,,,,,,,,,,,,,,
Copromyxa protea,SF15,3:21-24,Tice/Lebeau,wMY,Mg,,,,5/15/2019,,,,,,,,,,,,,,,,,,
Copromyxa protea,SF15,3:25-28,Tice/Lebeau,wMY,Mg,post treament with ampicillin,,,5/15/2019,,,,,,,,,,,,,,,,,,
Copromyxa protea,SF15,3:31-32,Tice/Lebeau,wMY,Mg,"""wiltype sorocarps"" transferred to wMY plates from dung",,,5/15/2019,,,,,,,,,,,,,,,,,,
Copromyxa protea,CF08-5 (ATCC-PRA324),3:35-36,Tice/Lebeau,wMY,Mg,,,,5/15/2019,,,,,,,,,,,,,,,,,,
AcGen1,N/A,3:37-39,Tice,wMY,Mg,"Top of vile labeled ""Gen1"" (Clonal)",yes,,9/3/2019,,,,,,,,,,,,,,,,,,
Chapel-1-SC-1,N/A,3:41-42,Tice,wMY,Mg,"Top of vile labeled ""Ch1"" (Clonal)",yes,,9/5/2019,,,,,,,,,,,,,,,,,,
Chapel-2-SC-2,N/A,3:45-47,Tice,wMY,Mg,"Top of vile labeled ""Ch2"" (Clonal)",yes,,9/10/2019,,,,,,,,,,,,,,,,,,
Gen3,N/A,3:49-51,Tice,wMY,Mg,"Top of vile labeled ""G3"" (Clonal)",yes,,9/10/2019,,,,,,,,,,,,,,,,,,
Gen4,N/A,3:54-55,Tice,wMY,Mg,"Top of vile labeled ""G4"" (Clonal)",yes,,9/18/2019,,,,,,,,,,,,,,,,,,
L. hula,LHI05,3:57-61,Brown,wMY,Flavo,,,,10/30/2019,,,,,,,,,,,,,,,,,,
Chapel 4sc,N/A,3:64-65,Jones,wMY,Mg,,yes,,12/6/2019,,,,,,,,,,,,,,,,,,
Acanthamoeba sp. ,Bel03-8L-2,3:66-69,Tice,wMY,Mg,"Top of vile labeled ""Bel03"" (Clonal)",,,12/11/2019,,,,,,,,,,,,,,,,,,
Myxo/Protosporangiid???,Will09-4A-1,3:70-73,Tice,wMY,Mg,"Top of vile labeled ""Will09"" (Clonal)",yes,,12/18/2019,,,,,,,,,,,,,,,,,,
Tubulinea sp.,Bas21-4L-1,3:74-77,Tice,wMY,Mg,"Top of vile labeled ""Bas21"" (Clonal)",yes,,12/30/2019,,,,,,,,,,,,,,,,,,
###Box 4 CLASS ####,,,,,,,,,,,,,,,,,,,,,,,,,,,
RTK06,N/A,4:2-5,Class,FW802,Environmental Samples,,,,2/19/2020,,,,,,,,,,,,,,,,,,
MM5991,N/A,4:7-10,Class,FW802,Environmental Samples,,,,2/19/2020,,,,,,,,,,,,,,,,,,
JRP598,N/A,4:12-15,Class,FW802,Environmental Samples,,,,2/19/2020,,,,,,,,,,,,,,,,,,
Jal565,N/A,4:15-20,Class,FW802,Environmental Samples,,,,2/19/2020,,,,,,,,,,,,,,,,,,
Kai,N/A,4:22-25,Class,FW802,Environmental Samples,,,,2/19/2020,,,,,,,,,,,,,,,,,,
ctl170,N/A,4:27-30,Class,FW802,Environmental Samples,Wiggly flagelate Nature paper,,,2/19/2020,,,,,,,,,,,,,,,,,,
Zn66,N/A,4:28-35,Class,FW802,Environmental Samples,,,,2/19/2020,,,,,,,,,,,,,,,,,,
Lpt42,N/A,4:37-40,Class,FW802,Environmental Samples,,,,2/19/2020,,,,,,,,,,,,,,,,,,
Sp1765,N/A,4:42-45,Class,FW802,Environmental Samples,,,,2/19/2020,,,,,,,,,,,,,,,,,,
ss3301,N/A,4:47-50,Class,FW802,Environmental Samples,,,,2/19/2020,,,,,,,,,,,,,,,,,,
Der104,N/A,4:52-55,Class,FW802,Environmental Samples,,,,2/19/2020,,,,,,,,,,,,,,,,,,
acm949,N/A,4:57-60,Class,FW802,Environmental Samples,,,,2/20/2020,,,,,,,,,,,,,,,,,,
BC T 5,,4:61-62,Nate,LB,,,,,,,,,,,,,,,,,,,,,,,
BC A- 6,,4:63-64,Nate,LB,,,,,,,,,,,,,,,,,,,,,,,
BC A+ 7,,4:65-66,Nate,LB,,,,,,,,,,,,,,,,,,,,,,,
BC E+ 4,,4:67-68,Nate,LB,,,,,,,,,,,,,,,,,,,,,,,
BC K 2,,4:71-72,Nate,LB,,,,,,,,,,,,,,,,,,,,,,,
BC E- 1,,4:73-74,Nate,LB,,,,,,,,,,,,,,,,,,,,,,,
BC A+ Dung,,4:75-76,Nate,wMY + Dung,,,,,,,,,,,,,,,,,,,,,,,
BC A- Dung,,4:77-78,Nate,wMY + Dung,,,,,,,,,,,,,,,,,,,,,,,
BC K Dung,,4:79-80,Nate,wMY + Dung,,,,,,,,,,,,,,,,,,,,,,,
BC Te+ Dung,,4:81,Nate,wMY + Dung,,,,,,,,,,,,,,,,,,,,,,,
### BOX 5 ###,,,,,,,,,,,,,,,,,,,,,,,,,,,
BC Te+ Dung,,5:1,Nate,wMY + Dung,,,,,,,,,,,,,,,,,,,,,,,
BC E- Dung,,5:2-3,Nate,wMY + Dung,,,,,,,,,,,,,,,,,,,,,,,
BC E+ Dung,,5:4-5,Nate,wMY + Dung,,,,,,,,,,,,,,,,,,,,,,,
BCC Dung,,5:6-7,Nate,wMY + Dung,,,,,,,,,,,,,,,,,,,,,,,
Cp-KBF20-1d,,5:8-11,Nate,wMY,cf-08 mg (cfmg),,,,,,,,,,,,,,,,,,,,,,
K (a-c),,5:13-15,Nate,,,,,,,,,,,,,,,,,,,,,,,,
Tet (a-c),,5:16-18,Nate,,,,,,,,,,,,,,,,,,,,,,,,
Amp down (a-c),,5:19-21,Nate,,,,,,,,,,,,,,,,,,,,,,,,
Amp up (a-c),,5:22-24,Nate,,,,,,,,,,,,,,,,,,,,,,,,
ERM down (a-c),,5:25-27,Nate,,,,,,,,,,,,,,,,,,,,,,,,
ERM up (a-c),,5:28-30,Nate,,,,,,,,,,,,,,,,,,,,,,,,
BCC (b-c),,5:31-32,Nate,,,,,,,,,,,,,,,,,,,,,,,,
D6Y6,,5:34-36,Nick,wMY,,revive on LB,Yes,,07/20/21,,,,,,,,,,,,,,,,,,
RM ,,5:40-42,Nick,wMY,,revive on LB,Yes,,07/20/21,,,,,,,,,,,,,,,,,,
RKP,,5:44-47,Nick,wMY,,revive on LB,Yes,,07/20/21,,,,,,,,,,,,,,,,,,
Cl,,5:49-52,Nick,wMY,,revive on LB,Yes,,07/20/21,,,,,,,,,,,,,,,,,,
F20,,5:54-57,Nick,wMY,,revive on LB,Yes,,07/20/21,,,,,,,,,,,,,,,,,,
KP,,5:59-62,Nick,wMY,,revive on LB,Yes,,07/21/21,,,,,,,,,,,,,,,,,,
Flavo,,5:64-67,Nick,wMY,,revive on LB,Yes,,07/21/21,,,,,,,,,,,,,,,,,,
M,,5:69-72,Nick,wMY,,revive on LB,Yes,,07/21/21,,,,,,,,,,,,,,,,,,
mg,,"5:""75""",Nick,wMY,,revive on LB,Yes,,07/21/21,,,,,,,,,,,,,,,,,,
Chromosphaera perkinsii,,5:77-81,Tristan,"(Per L fill diH2O) Yeast Extract 3g, Malt extract 3g, Peptone 5g, Dextrose 10g, NaCl 20g",axenic,From Inaki Lab,,,,,,,,,,,,,,,,,,,,,
Thecamoeba homeri,SK13-4B ORB FORM,"5:67, 68, 73, 74",Tristan,wMY or DPAclear,mg,Strain that form orbs and does hoarding behavior,,,,,,,,,,,,,,,,,,,,,
### Box 6 ###,,,,,,,,,,,,,,,,,,,,,,,,,,,
marine vannellin,PSC21A,6:1-4,Felicity ,SW,Mg,,yes,,07/29/21,,,,,,,,,,,,,,,,,,
marined vannellid,Bx21A,"6:5-10, 17-20",Felicity ,SW,Mg,,yes,,07/29/21,,,,,,,,,,,,,,,,,,
marined vannellid,Bx22A,"6:12-15, 22-25",Felicity ,SW,Mg,,yes,,07/29/21,,,,,,,,,,,,,,,,,,
vannellid,by23asc,6:26-29,Felicity ,DPW agar/ wMY,Mg,,y,,7/27/2023,,,,,,,,,,,,,,,,,,
marine vannellid,NV11,6:30-32,Felicity ,sw (flask) or sw/dpw agar,Mg (lots),,,,7/27/2023,,,,,,,,,,,,,,,,,,
unknown,BR21Ab,6:37-40,Felicity ,wmy,Mg,,,,,,,,,,,,,,,,,,,,,,
Paracercomonas marina,KenD2At1,6:41-42,Tristan,"Liquid wMY, vented flask",Mg (Spread on flask),,Yes (12/10/21),,12/10/2021,,,,,,,,,,,,,,,,,,
Vannellid - SW,RAM214,6:43-46,Felicity ,SW,MG,,y,,,,,,,,,,,,,,,,,,,,
Lycethium,EST21A1,6:47-50,Felicity ,wMY,mg,,y,,,,,,,,,,,,,,,,,,,,
heterolobosea,EST21B11,6:51-54,Felicity ,wMY,mg,,y,,,,,,,,,,,,,,,,,,,,
Vannellid - FW,EST21A3,6:55-58,Felicity ,wMY,mg,,y,,,,,,,,,,,,,,,,,,,,
Lycethium,EMI021a,6:59-62,Felicity ,wMY,mg,,y,,,,,,,,,,,,,,,,,,,,
Tubulinea sp.,EMI021b,6:63-66,Felicity ,wMY,mg,,y,,,,,,,,,,,,,,,,,,,,
Acanthamoeba sp. ,BR21A3,6:68-70,Felicity ,wMY,mg,,y,,,,,,,,,,,,,,,,,,,,
Acanthamoeba sp. ,BR21Ab,6:71-73,Felicity ,wMY,mg,,y,,,,,,,,,,,,,,,,,,,,
Vannellid,HYSK31,6:77-78,Felicity ,wMY,mg,,y,,,,,,,,,,,,,,,,,,,,
protocanthamoeba,HYSK32,0.304861111,Felicity ,wMY,mg,,y,,,,,,,,,,,,,,,,,,,,
### Box 7 ###,,,,,,,,,,,,,,,,,,,,,,,,,,,
unknown,BP BM 3B,7:2-4,Nick,wMY,mg,Brown pool,yes,,01/04/2022,,,,,,,,,,,,,,,,,,
unknown,SC 2,7:5-8,Nick,wMY,mg,Swamp cooler,did not revive,,01/04/2022,,,,,,,,,,,,,,,,,,
unknown,SC 3A,7:10-12,Nick,wMY,mg,Swamp cooler,yes,,01/04/2022,,,,,,,,,,,,,,,,,,
unknown,BP BM 1,7:14-16,Nick,wMY,mg,Brown pool,yes,,01/04/2022,,,,,,,,,,,,,,,,,,
unknown,V9LD0131,7:18-20,Nick,wMY,mg,Vieques ground litter sample,yes,,01/04/2022,,,,,,,,,,,,,,,,,,
Protosteliida?,V5LB0731,7:21-24,Nick,wMY,mg,Vieques ground litter sample,yes,,,,,,,,,,,,,,,,,,,,
Soliformovum/Vahlkampfid,V4AB0728,7:25-28,Nick,wMY,M,Vieques aerial litter sample,yes,,,,,,,,,,,,,,,,,,,,
Hyperamoeba sp.,BPHG0817,7:29-32,Nick,wMY,mg,Isolated from horned passalus beetle gut,yes,,,,,,,,,,,,,,,,,,,,
unknown,SC-2,7:33-36,Nick,wMY,mg,Swamp cooler,did not revive,,,,,,,,,,,,,,,,,,,,
Protacanthamoeba sp.,CCDsp21,7:37-40,Nick,wMY,mg,"Isolated from Carolina culture ""Difflugia sp."" container",yes,,,,,,,,,,,,,,,,,,,,
S. irregularis,V1AH0117,7:41-44,Nick,wMY,,Vieques aerial litter sample,,,,,,,,,,,,,,,,,,,,,
S. amoeboidea,V1AG0724,7:45-48,Nick,wMY,,Vieques aerial litter sample,,,,,,,,,,,,,,,,,,,,,
Korotnevella limbata,Kl1543.2,7:49-52,Quentin/Tristan,Liquid NCL,n/a,CCAP Culture,Yes,Yes - Pool25,05/04/2022,,,,,,,,,,,,,,,,,,
Vanella sp.,Vs1589.18,7:53-56,Quentin/Tristan,Liquid NCL,n/a,CCAP Culture,Yes,Yes - Pool25,05/04/2022,,,,,,,,,,,,,,,,,,
Ischnamoeba montana,Im2533.1,7:57-60,Quentin/Tristan,Liquid NCL,n/a,CCAP Culture,Yes,Yes - Pool25,05/04/2022,,,,,,,,,,,,,,,,,,
Coronamoeba villafranca,TriC1Al,7:61-64,Tristan,Liquid N75S,n/a,Contaminate of CCAP Culture. Small limax amoeba.,Yes,Yes - Pool25,05/04/2022,,,,,,,,,,,,,,,,,,
Paravanella minima,Pm1533.1,7:65-68,Quentin/Tristan,Liquid NCL,n/a,CCAP Culture,Yes,Yes - Pool25,05/04/2022,,,,,,,,,,,,,,,,,,
Darbyshirella terrestris,Dt2511.1,7:69-72,Quentin/Tristan,Liquid NCL,n/a,CCAP Culture,Yes,Yes - Pool25,05/04/2022,,,,,,,,,,,,,,,,,,
Thecamoeba sp,MBF1353,7:73-76,Gibby,wMY,natural fungi,Multiple bark filtrate isolation ,,,05/05/2022,,,,,,,,,,,,,,,,,,
Thecamoeba sp,SK13-4B,7:77-80,Gibby,wMY,mg,Donut forming,,,05/05/22,,,,,,,,,,,,,,,,,,
### Box 8 ###,,,,,,,,,,,,,,,,,,,,,,,,,,,
unknown,MSV1c,8:1-2,Felicity,wMY,mg ,wetlands tank ,y,,12/07/2022,,,,,,,,,,,,,,,,,,
unknown,MS2,8:3-4,,wMY,mg ,wetlands tank ,y,,12/07/2022,,,,,,,,,,,,,,,,,,
unknown,MS4,8:7-9,,wMY,mg ,wetlands tank ,Yes ,,12/07/2022,,,,,,,,,,,,,,,,,,
Guttulinopsis vulgaris,GvSwiss (GuttSwiss),8:10-12,Tristan,Dung + mg,mg,"Isolated from a Swiss cow farm (L’Aubier, Chateau 1, CH-2000 Neuchâtel)",,,10/03/2023,,,,,,,,,,,,,,,,,,
Vannella miroides (w/ abnormal inclusion),SIPW1Dd17.1,8:13-16,Tristan,wMY agar or Liquid PJ,mg ,SIPW1 Wetland tank dead alligator weed leaf; abnormal inclusion,,Yes - Pool25,07/14/2022,,,,,,,,,,,,,,,,,,
Variosean?,VasD1Cr2,8:17-20,Tristan,wMY agar or Liquid NCL,mg ,From Vieques dead leaf sample,,,07/14/2022,,,,,,,,,,,,,,,,,,
Sappinia sp.,BF22-2A,8:21-23,Tristan,"wMY agar, with sterile NCL-soaked cow dung",spread mg on the dung,"Dung from Byrum Farm, Starkville, Mississippi","Yes, revived",Yes - Pool25,07/14/2022,,,,,,,,,,,,,,,,,,
Sappinia pedata (18S confirmed),MSU2206,8:24-26,Tristan,"wMY agar, with sterile NCL-soaked cow dung",spread mg on the dung,Dung from msstate south farm beef unit cows,,,07/14/2022,,,,,,,,,,,,,,,,,,
Copromyxa protea,SF22,8:28-29,Tristan,wMY agar w/ sterile dung,mg pipetted on dung,Isolate from South Farm cow dung; large fruiting bodies,,,12/12/2022,,,,,,,,,,,,,,,,,,
Sappinia sp.,BF22-2A,8:30-32,Tristan,wMY agar w/ sterile dung,mg pipetted on dung,"Dung from Byrum Farm, Starkville, Mississippi",,,12/12/2022,,,,,,,,,,,,,,,,,,
Galeripora sp.,Bx22,8:33-36,iso: Felicity; freeze: Tristan,Fresh water 802 medium,n/a,,,,12/12/2022,,,,,,,,,,,,,,,,,,
Vannella fimicola,MF14,8:44-54,Felicity,DPW agar,mg (a lot),,y,,,,,,,,,,,,,,,,,,,,
Stenamoeba sp.,I2AT22,8:55-58,MWB/Dani,DPW agar,mg,From soil at the I2AT microscopy facility,,,11-May,,,,,,,,,,,,,,,,,,
Olivorum cimiterus,,8:59-62,Alex/Nick,wMY agar,mg,,"Yes, revived",,5/31/2023,,,,,,,,,,,,,,,,,,
,QTV2,8:63-66,,wMY/DPW agar,mg,,no,,,,,,,,,,,,,,,,,,,,
,MCL31,8:68-70,,wMY/DPW agar,mg,,yes,,,,,,,,,,,,,,,,,,,,
,MCL3V,8:71-74,,wMY/DPW agar,mg,,yes,,,,,,,,,,,,,,,,,,,,
,LimG2,8:75-78,,wMY/DPW agar,mg,,yes,,,,,,,,,,,,,,,,,,,,
,sf24absc,8:37-41,,,,,,,,,,,,,,,,,,,,,,,,,
,harn241esc,8:79-81; 42-43,,,,,,,,,,,,,,,,,,,,,,,,,
